id,decision,final_source,iou_final_vs_osm2025,iou_orig2018_vs_osm2025,delta_iou_vs_osm2025,centroid_shift_final_vs_osm2025_m,centroid_shift_orig2018_vs_osm2025_m,area_diff_final_vs_osm2025_frac,area_diff_orig2018_vs_osm2025_frac,improved_vs_2018,matched_ref_index,matched_ref_id,orig_wkt
21,update,sam2,0.21895942025493687,0.1280298211094826,0.09092959914545426,24.267712488549936,26.107568543149277,-0.7778864644652854,-0.8712356999712112,True,37,556291482,"POLYGON ((391386.34895868786 5818807.603066316, 391398.84185054596 5818833.331321203, 391410.44760574814 5818827.922009743, 391407.2985704348 5818820.93691087, 391401.1133194994 5818820.328455672, 391393.7087011461 5818816.47552522, 391386.34895868786 5818807.603066316))"
27,update,sam2,0.7143213541138065,0.8505063935661726,-0.13618503945236615,1.4708945408929093,0.6371654007879314,-0.2838797782596599,-0.12646770231365428,False,10,49405497,"POLYGON ((391375.9828271222 5818711.51243118, 391394.19623691274 5818701.550081833, 391385.1523283626 5818685.626676086, 391397.36036554567 5818678.579367628, 391409.69218647474 5818700.7058853535, 391398.8595169165 5818706.698941388, 391379.3957943859 5818717.534688703, 391375.9828271222 5818711.51243118))"
32,update,sam2,0.589497904617897,0.8344287019915239,-0.24493079737362689,7.024983072415237,6.778798529454691,-0.1139793338185314,-0.13663104408548377,False,2,400419,"POLYGON ((391478.69606139703 5818696.996060477, 391472.9825099743 5818699.604061543, 391448.47586085054 5818712.064581726, 391432.6818048235 5818722.128904636, 391430.16980063356 5818731.943461022, 391446.7778354037 5818762.910762734, 391450.8476655654 5818770.698927041, 391452.94812949985 5818773.567820136, 391460.0808467046 5818769.437256715, 391456.9078447506 5818764.433369162, 391526.0054069699 5818726.660579556, 391522.0010873592 5818720.907253202, 391497.44445545285 5818685.119438497, 391478.69606139703 5818696.996060477), (391486.85569038754 5818730.64319671, 391474.80972746416 5818707.608832812, 391487.7773085068 5818700.211100964, 391498.6819611409 5818701.449579937, 391510.10501287214 5818717.821242581, 391486.85569038754 5818730.64319671), (391449.62282628403 5818750.963468588, 391440.0266984807 5818733.394193606, 391442.3413439856 5818726.00982955, 391460.71389072476 5818715.565717815, 391467.2412214411 5818728.240104651, 391463.5825390506 5818730.12381848, 391469.0952917369 5818740.8288443545, 391449.62282628403 5818750.963468588))"
